"STATION","NAME","DATE","AWND","PGTM","PRCP","SNOW","SNWD","TAVG","TMAX","TMIN","WDF2","WDF5","WSF2","WSF5","WT01","WT02","WT03","WT05","WT07","WT08"
"USW00093193","FRESNO YOSEMITE INTERNATIONAL, CA US","2023-01-01","8.50",,"0.17","0.0","0.0","52","56","42","  310","  310","18.1","21.9","    1",,,,,
"USW00093193","FRESNO YOSEMITE INTERNATIONAL, CA US","2023-01-02","6.71",,"0.33","0.0","0.0","45","50","39","  120","  170","15.0","19.9","    1",,,,,
"USW00093193","FRESNO YOSEMITE INTERNATIONAL, CA US","2023-01-03","4.92",,"0.00","0.0","0.0","50","59","46","  180","  190","10.1","15.0",,,,,,
"USW00093193","FRESNO YOSEMITE INTERNATIONAL, CA US","2023-01-04","9.40",,"0.16","0.0","0.0","53","64","45","  130","  140","35.1","42.1","    1",,,,,
"USW00093193","FRESNO YOSEMITE INTERNATIONAL, CA US","2023-01-05","10.07",,"0.43","0.0","0.0","57","61","46","  170","  170","28.0","36.0","    1",,"    1",,,"    1"
"USW00093193","FRESNO YOSEMITE INTERNATIONAL, CA US","2023-01-06","4.03",,"0.00","0.0","0.0","49","58","40","  130","  140","12.1","14.1","    1",,,,,
"USW00093193","FRESNO YOSEMITE INTERNATIONAL, CA US","2023-01-07","6.04",,"0.00","0.0","0.0","51","64","45","  210","  200","19.9","25.1",,,,,,
"USW00093193","FRESNO YOSEMITE INTERNATIONAL, CA US","2023-01-08","8.05",,"0.23","0.0","0.0","56","60","50","  130","  140","21.9","25.9","    1",,,,,
"USW00093193","FRESNO YOSEMITE INTERNATIONAL, CA US","2023-01-09","15.43",,"1.53","0.0","0.0","57","59","54","  150","  150","29.1","38.0","    1",,,,,
"USW00093193","FRESNO YOSEMITE INTERNATIONAL, CA US","2023-01-10","12.30",,"0.13","0.0","0.0","57","62","47","  160","  140","28.0","38.0","    1",,,,,
"USW00093193","FRESNO YOSEMITE INTERNATIONAL, CA US","2023-01-11","6.26",,"0.02","0.0","0.0","51","57","46","  130","  120","13.0","14.1",,,,,,
"USW00093193","FRESNO YOSEMITE INTERNATIONAL, CA US","2023-01-12","3.80",,"0.00","0.0","0.0","53","64","45","   70","   70","10.1","13.0",,,,,,
"USW00093193","FRESNO YOSEMITE INTERNATIONAL, CA US","2023-01-13","6.71",,"0.00","0.0","0.0","56","63","50","  130","  140","16.1","19.0",,,,,,
"USW00093193","FRESNO YOSEMITE INTERNATIONAL, CA US","2023-01-14","9.62",,"0.69","0.0","0.0","54","56","51","  120",,"15.0",,"    1",,,,,
"USW00093193","FRESNO YOSEMITE INTERNATIONAL, CA US","2023-01-15","4.70",,"0.00","0.0","0.0","51","53","45","  100",,"13.0",,,,,,,
"USW00093193","FRESNO YOSEMITE INTERNATIONAL, CA US","2023-01-16","9.84",,"0.21","0.0","0.0","50","57","43","  280","  280","32.0","40.9","    1",,,,,
"USW00093193","FRESNO YOSEMITE INTERNATIONAL, CA US","2023-01-17","2.91",,"0.00","0.0","0.0","45","52","39","  290","   10","12.1","19.0","    1",,,,,
"USW00093193","FRESNO YOSEMITE INTERNATIONAL, CA US","2023-01-18","3.13",,"0.00","0.0","0.0","44","55","37","  120",,"6.0",,"    1",,,,,
"USW00093193","FRESNO YOSEMITE INTERNATIONAL, CA US","2023-01-19","6.49",,"0.05","0.0","0.0","48","54","43","  300","  330","17.0","19.9","    1",,,,,"    1"
"USW00093193","FRESNO YOSEMITE INTERNATIONAL, CA US","2023-01-20","3.58",,"0.00","0.0","0.0","46","55","41","  120","  240","8.1","12.1",,,,,,
"USW00093193","FRESNO YOSEMITE INTERNATIONAL, CA US","2023-01-21","1.57",,"0.00","0.0","0.0","44","55","35","  300","  310","10.1","12.1","    1",,,,,"    1"
"USW00093193","FRESNO YOSEMITE INTERNATIONAL, CA US","2023-01-22","4.70",,"0.00","0.0","0.0","44","53","36","  320","  310","15.0","18.1","    1",,,,,"    1"
"USW00093193","FRESNO YOSEMITE INTERNATIONAL, CA US","2023-01-23","2.01",,"0.00","0.0","0.0","44","54","35","   80","   80","6.9","8.1","    1",,,,,"    1"
"USW00093193","FRESNO YOSEMITE INTERNATIONAL, CA US","2023-01-24","1.79",,"0.00","0.0","0.0","44","59","33","  310","  320","8.1","11.0","    1",,,,,"    1"
"USW00093193","FRESNO YOSEMITE INTERNATIONAL, CA US","2023-01-25","3.13",,"0.00","0.0","0.0","46","60","35","  300","  350","8.1","11.0","    1","    1",,,,"    1"
"USW00093193","FRESNO YOSEMITE INTERNATIONAL, CA US","2023-01-26","2.91",,"0.00","0.0","0.0","48","64","37","  260","   30","8.9","14.1","    1",,,,,"    1"
"USW00093193","FRESNO YOSEMITE INTERNATIONAL, CA US","2023-01-27","2.24",,"0.00","0.0","0.0","49","63","37","  130","  230","8.1","11.0","    1",,,,,"    1"
"USW00093193","FRESNO YOSEMITE INTERNATIONAL, CA US","2023-01-28","2.01",,"0.00","0.0","0.0","49","61","37","  120","  280","6.9","10.1","    1",,,,,"    1"
"USW00093193","FRESNO YOSEMITE INTERNATIONAL, CA US","2023-01-29","4.92",,"0.00","0.0","0.0","47","53","39","  150","  140","15.0","19.0","    1",,,,,"    1"
"USW00093193","FRESNO YOSEMITE INTERNATIONAL, CA US","2023-01-30","5.37",,"0.00","0.0","0.0","45","53","37","  300","  300","15.0","17.0","    1",,,,,
"USW00093193","FRESNO YOSEMITE INTERNATIONAL, CA US","2023-01-31","2.24",,"0.00","0.0","0.0","42","54","32","  160","  160","8.9","13.0","    1","    1",,,,
"USW00093193","FRESNO YOSEMITE INTERNATIONAL, CA US","2023-02-01","3.13",,"0.00","0.0","0.0","45","62","34","   90","  330","6.9","8.9","    1",,,,,
"USW00093193","FRESNO YOSEMITE INTERNATIONAL, CA US","2023-02-02","3.58",,"0.00","0.0","0.0","49","64","37","   80","  120","8.9","11.0",,,,,,
"USW00093193","FRESNO YOSEMITE INTERNATIONAL, CA US","2023-02-03","2.68",,"0.00","0.0","0.0","54","68","44","  300","  120","6.9","8.9",,,,,,
"USW00093193","FRESNO YOSEMITE INTERNATIONAL, CA US","2023-02-04","6.93",,"0.03","0.0","0.0","53","68","40","  110","  110","15.0","19.9",,,,,,
"USW00093193","FRESNO YOSEMITE INTERNATIONAL, CA US","2023-02-05","7.16",,"0.60","0.0","0.0","56","59","42","  340","  330","28.0","38.9","    1",,"    1",,,
"USW00093193","FRESNO YOSEMITE INTERNATIONAL, CA US","2023-02-06","2.91",,"0.00","0.0","0.0","43","52","38","  210","  220","8.1","13.0","    1","    1",,,,"    1"
"USW00093193","FRESNO YOSEMITE INTERNATIONAL, CA US","2023-02-07","2.24",,"0.00","0.0","0.0","46","59","36","  340","  340","8.9","11.0","    1",,,,,
"USW00093193","FRESNO YOSEMITE INTERNATIONAL, CA US","2023-02-08","2.91",,"0.00","0.0","0.0","48","63","37","  160","  130","6.9","8.1","    1",,,,,"    1"
"USW00093193","FRESNO YOSEMITE INTERNATIONAL, CA US","2023-02-09","2.46",,"0.00","0.0","0.0","52","68","41","  260","  270","6.9","8.1","    1",,,,,"    1"
"USW00093193","FRESNO YOSEMITE INTERNATIONAL, CA US","2023-02-10","6.49",,"0.00","0.0","0.0","54","69","42","  320","  320","21.9","25.9","    1",,,,,"    1"
"USW00093193","FRESNO YOSEMITE INTERNATIONAL, CA US","2023-02-11","5.82",,"0.00","0.0","0.0","53","58","42","  310","  310","18.1","23.0",,,,,,
"USW00093193","FRESNO YOSEMITE INTERNATIONAL, CA US","2023-02-12","4.92",,"0.00","0.0","0.0","49","59","39","  140","  140","10.1","16.1",,,,,,
"USW00093193","FRESNO YOSEMITE INTERNATIONAL, CA US","2023-02-13","4.25",,"0.00","0.0","0.0","51","65","40","  320","  320","15.0","21.9",,,,,,
"USW00093193","FRESNO YOSEMITE INTERNATIONAL, CA US","2023-02-14","16.33",,"0.00","0.0","0.0","52","56","39","  310","  300","30.0","38.0",,,,,,
"USW00093193","FRESNO YOSEMITE INTERNATIONAL, CA US","2023-02-15","3.80",,"0.00","0.0","0.0","42","55","31","  150","  150","14.1","18.1",,,,,,
"USW00093193","FRESNO YOSEMITE INTERNATIONAL, CA US","2023-02-16","3.58",,"0.00","0.0","0.0","45","60","33","  150","  160","8.9","13.0",,,,,,
"USW00093193","FRESNO YOSEMITE INTERNATIONAL, CA US","2023-02-17","3.80",,"0.00","0.0","0.0","48","61","36","  320","  310","12.1","17.0",,,,,,
"USW00093193","FRESNO YOSEMITE INTERNATIONAL, CA US","2023-02-18","3.13",,"0.00","0.0","0.0","47","63","34","  160","  170","8.9","12.1",,,,,,
"USW00093193","FRESNO YOSEMITE INTERNATIONAL, CA US","2023-02-19","1.79",,"0.00","0.0","0.0","50","66","36","  110","  310","6.0","8.1",,,,,,
"USW00093193","FRESNO YOSEMITE INTERNATIONAL, CA US","2023-02-20","3.36",,"0.00","0.0","0.0","52","68","38","  340","  340","10.1","12.1",,,,,,
"USW00093193","FRESNO YOSEMITE INTERNATIONAL, CA US","2023-02-21","10.96",,"0.00","0.0","0.0","54","68","42","  280","  300","38.9","53.9",,,,,"    1","    1"
"USW00093193","FRESNO YOSEMITE INTERNATIONAL, CA US","2023-02-22","7.16",,"0.18","0.0","0.0","46","52","37","  240","  230","21.9","27.1","    1",,,"    1",,
"USW00093193","FRESNO YOSEMITE INTERNATIONAL, CA US","2023-02-23","10.74",,"0.00","0.0","0.0","42","52","35","  150","  150","21.0","27.1",,,,,,
"USW00093193","FRESNO YOSEMITE INTERNATIONAL, CA US","2023-02-24","13.20",,"2.16","0.0","0.0","45","49","41","  150","  130","30.0","44.1","    1",,,,,
"USW00093193","FRESNO YOSEMITE INTERNATIONAL, CA US","2023-02-25","5.82",,"0.69","0.0","0.0","42","46","38","  130","  150","14.1","16.1","    1",,,,,
"USW00093193","FRESNO YOSEMITE INTERNATIONAL, CA US","2023-02-26","6.93",,"0.02","0.0","0.0","43","52","37","  130","  130","15.0","17.0","    1",,,,,"    1"
"USW00093193","FRESNO YOSEMITE INTERNATIONAL, CA US","2023-02-27","7.83",,"0.15","0.0","0.0","48","53","40","  230","  220","23.9","30.0","    1",,,,,
"USW00093193","FRESNO YOSEMITE INTERNATIONAL, CA US","2023-02-28","9.62",,"0.43","0.0","0.0","45","51","38","  130","  130","18.1","18.1","    1",,,,,
"USW00093193","FRESNO YOSEMITE INTERNATIONAL, CA US","2023-03-01","11.63",,"0.39","0.0","0.0","44","51","38","  300","  310","25.1","31.1","    1",,,,,
"USW00093193","FRESNO YOSEMITE INTERNATIONAL, CA US","2023-03-02","4.70",,"0.00","0.0","0.0","45","57","34","  150","  150","15.0","19.0",,,,,,
"USW00093193","FRESNO YOSEMITE INTERNATIONAL, CA US","2023-03-03","3.36",,"0.00","0.0","0.0","48","59","37","  220","  220","8.9","14.1","    1",,,,,"    1"
"USW00093193","FRESNO YOSEMITE INTERNATIONAL, CA US","2023-03-04","6.71",,"0.00","0.0","0.0","51","56","45","  160","  140","18.1","23.0",,,,,,
"USW00093193","FRESNO YOSEMITE INTERNATIONAL, CA US","2023-03-05","8.05",,"0.32","0.0","0.0","48","50","43","  140","  150","17.0","21.0","    1",,,,,
"USW00093193","FRESNO YOSEMITE INTERNATIONAL, CA US","2023-03-06","3.80",,"0.00","0.0","0.0","46","58","38","  320","  310","10.1","13.0",,,,,,
"USW00093193","FRESNO YOSEMITE INTERNATIONAL, CA US","2023-03-07","4.92",,"0.00","0.0","0.0","49","58","39","  310","  320","15.0","19.0",,,,,,
"USW00093193","FRESNO YOSEMITE INTERNATIONAL, CA US","2023-03-08","3.80",,"0.00","0.0","0.0","49","59","39","  280","  280","10.1","12.1",,,,,,
"USW00093193","FRESNO YOSEMITE INTERNATIONAL, CA US","2023-03-09","8.95",,"0.42","0.0","0.0","50","59","42","  130","  130","21.9","25.9","    1",,,,,
"USW00093193","FRESNO YOSEMITE INTERNATIONAL, CA US","2023-03-10","11.86",,"0.88","0.0","0.0","55","62","54","  140","  130","23.9","28.0","    1",,,,,
"USW00093193","FRESNO YOSEMITE INTERNATIONAL, CA US","2023-03-11","5.82",,"0.04","0.0","0.0","60","71","56","  190","  210","21.0","25.9","    1",,"    1",,,
"USW00093193","FRESNO YOSEMITE INTERNATIONAL, CA US","2023-03-12","7.16",,"0.36","0.0","0.0","60","68","53","  280","  140","15.0","19.0","    1",,"    1",,,
"USW00093193","FRESNO YOSEMITE INTERNATIONAL, CA US","2023-03-13","5.59",,"0.00","0.0","0.0","59","71","50","  130","   70","10.1","15.0",,,,,,
"USW00093193","FRESNO YOSEMITE INTERNATIONAL, CA US","2023-03-14","12.53",,"0.52","0.0","0.0","60","64","55","  130","  140","25.9","32.0","    1",,,,,"    1"
"USW00093193","FRESNO YOSEMITE INTERNATIONAL, CA US","2023-03-15","8.72",,"0.14","0.0","0.0","56","61","48","  310","  310","17.0","21.9","    1",,,,,
"USW00093193","FRESNO YOSEMITE INTERNATIONAL, CA US","2023-03-16","3.36",,"0.00","0.0","0.0","53","66","45","  230","  210","8.9","14.1","    1",,,,,
"USW00093193","FRESNO YOSEMITE INTERNATIONAL, CA US","2023-03-17","2.91",,"0.00","0.0","0.0","58","69","48","  330",,"8.9",,,,,,,
"USW00093193","FRESNO YOSEMITE INTERNATIONAL, CA US","2023-03-18","4.03",,"0.00","0.0","0.0","60","70","49","  190","  150","10.1","15.0",,,,,,
"USW00093193","FRESNO YOSEMITE INTERNATIONAL, CA US","2023-03-19","10.07",,"0.18","0.0","0.0","60","67","54","  150","  150","23.0","27.1",,,,,,
"USW00093193","FRESNO YOSEMITE INTERNATIONAL, CA US","2023-03-20","4.70",,"0.00","0.0","0.0","58","65","53","  300","  300","14.1","16.1",,,,,,
"USW00093193","FRESNO YOSEMITE INTERNATIONAL, CA US","2023-03-21","14.76",,"0.35","0.0","0.0","57","63","47","  170","  180","35.1","42.1","    1",,"    1",,,
"USW00093193","FRESNO YOSEMITE INTERNATIONAL, CA US","2023-03-22","12.97",,"0.01","0.0","0.0","51","57","47","  150","  150","25.1","30.0",,,,,,
"USW00093193","FRESNO YOSEMITE INTERNATIONAL, CA US","2023-03-23","8.50",,"0.00","0.0","0.0","52","58","48","  320","  320","21.0","25.1",,,,,,
"USW00093193","FRESNO YOSEMITE INTERNATIONAL, CA US","2023-03-24","12.53",,"0.00","0.0","0.0","51","60","45","  320","  310","19.9","35.1",,,,,,
"USW00093193","FRESNO YOSEMITE INTERNATIONAL, CA US","2023-03-25","10.07",,"0.00","0.0","0.0","50","60","41","  310","  300","19.9","31.1",,,,,,
"USW00093193","FRESNO YOSEMITE INTERNATIONAL, CA US","2023-03-26","9.17",,"0.00","0.0","0.0","50","60","39","  320","  320","19.9","25.9",,,,,,
"USW00093193","FRESNO YOSEMITE INTERNATIONAL, CA US","2023-03-27","4.25",,"0.00","0.0","0.0","50","65","37","  150","  160","12.1","15.0",,,,,,
"USW00093193","FRESNO YOSEMITE INTERNATIONAL, CA US","2023-03-28","10.07",,"0.35","0.0","0.0","56","63","46","  150","   90","21.0","30.0","    1",,,,,
"USW00093193","FRESNO YOSEMITE INTERNATIONAL, CA US","2023-03-29","8.95",,"0.04","0.0","0.0","51","58","45","  200","  200","23.0","28.0","    1",,,,,
"USW00093193","FRESNO YOSEMITE INTERNATIONAL, CA US","2023-03-30","4.70",,"0.00","0.0","0.0","50","58","45","  300","  310","15.0","19.0","    1",,,,,
"USW00093193","FRESNO YOSEMITE INTERNATIONAL, CA US","2023-03-31","3.58",,"0.00","0.0","0.0","51","65","41","  310","  290","10.1","13.0",,,,,,
"USW00093193","FRESNO YOSEMITE INTERNATIONAL, CA US","2023-04-01","4.70",,"0.00","0.0","0.0","54","68","43","  340","  300","12.1","13.0",,,,,,
"USW00093193","FRESNO YOSEMITE INTERNATIONAL, CA US","2023-04-02","8.05",,"0.00","0.0","0.0","57","68","47","  310","  320","23.9","33.1",,,,,,
"USW00093193","FRESNO YOSEMITE INTERNATIONAL, CA US","2023-04-03","18.34",,"0.00","0.0","0.0","53","58","43","  310","  310","33.1","40.0",,,,,,
"USW00093193","FRESNO YOSEMITE INTERNATIONAL, CA US","2023-04-04","7.38",,"0.00","0.0","0.0","49","60","38","  300","  300","21.0","25.1",,,,,,
"USW00093193","FRESNO YOSEMITE INTERNATIONAL, CA US","2023-04-05","4.70",,"0.00","0.0","0.0","51","64","39","  290","  290","12.1","17.0",,,,,,
"USW00093193","FRESNO YOSEMITE INTERNATIONAL, CA US","2023-04-06","2.46",,"0.00","0.0","0.0","56","71","41","  220","  200","10.1","16.1",,,,,,
"USW00093193","FRESNO YOSEMITE INTERNATIONAL, CA US","2023-04-07","4.70",,"0.00","0.0","0.0","62","70","55","  320","  310","13.0","15.0",,,,,,
"USW00093193","FRESNO YOSEMITE INTERNATIONAL, CA US","2023-04-08","5.82",,"0.00","0.0","0.0","62","73","51","  320","  330","12.1","15.0",,,,,,
"USW00093193","FRESNO YOSEMITE INTERNATIONAL, CA US","2023-04-09","4.25",,"0.00","0.0","0.0","64","79","53","  330","  330","13.0","16.1",,,,,,
"USW00093193","FRESNO YOSEMITE INTERNATIONAL, CA US","2023-04-10","5.37",,"0.00","0.0","0.0","69","88","56","  310","  300","17.0","21.9",,,,,,
"USW00093193","FRESNO YOSEMITE INTERNATIONAL, CA US","2023-04-11","10.51",,"0.00","0.0","0.0","68","75","56","  320","  310","17.0","21.9",,,,,,
"USW00093193","FRESNO YOSEMITE INTERNATIONAL, CA US","2023-04-12","11.86",,"0.00","0.0","0.0","61","69","48","  320","  320","18.1","23.0",,,,,,
"USW00093193","FRESNO YOSEMITE INTERNATIONAL, CA US","2023-04-13","8.50",,"0.00","0.0","0.0","56","67","45","  300","  300","17.0","21.9",,,,,,
"USW00093193","FRESNO YOSEMITE INTERNATIONAL, CA US","2023-04-14","4.47",,"0.00","0.0","0.0","58","72","47","  310","  330","12.1","15.0",,,,,,
"USW00093193","FRESNO YOSEMITE INTERNATIONAL, CA US","2023-04-15","4.70",,"0.00","0.0","0.0","62","78","48","  340","  340","13.0","17.0",,,,,,
"USW00093193","FRESNO YOSEMITE INTERNATIONAL, CA US","2023-04-16","9.17",,"0.00","0.0","0.0","64","76","51","  300","  300","17.0","21.0",,,,,,
"USW00093193","FRESNO YOSEMITE INTERNATIONAL, CA US","2023-04-17","10.74",,"0.00","0.0","0.0","62","70","50","  310","  310","21.0","25.9",,,,,,
"USW00093193","FRESNO YOSEMITE INTERNATIONAL, CA US","2023-04-18","10.29",,"0.00","0.0","0.0","57","66","46","  310","  320","18.1","23.0",,,,,,
"USW00093193","FRESNO YOSEMITE INTERNATIONAL, CA US","2023-04-19","11.63",,"0.00","0.0","0.0","55","68","45","  300","  330","18.1","28.0",,,,,,
"USW00093193","FRESNO YOSEMITE INTERNATIONAL, CA US","2023-04-20","6.26",,"0.00","0.0","0.0","58","74","45","  340","  330","15.0","19.9",,,,,,
"USW00093193","FRESNO YOSEMITE INTERNATIONAL, CA US","2023-04-21","4.70",,"0.00","0.0","0.0","64","81","50","  330","  340","15.0","17.0",,,,,,
"USW00093193","FRESNO YOSEMITE INTERNATIONAL, CA US","2023-04-22","6.04",,"0.00","0.0","0.0","69","84","57","  310","  310","16.1","19.9",,,,,,
"USW00093193","FRESNO YOSEMITE INTERNATIONAL, CA US","2023-04-23","9.62",,"0.00","0.0","0.0","71","83","58","  320","  340","17.0","21.9",,,,,,
"USW00093193","FRESNO YOSEMITE INTERNATIONAL, CA US","2023-04-24","8.72",,"0.00","0.0","0.0","69","85","56","  310","  310","17.0","21.9",,,,,,
"USW00093193","FRESNO YOSEMITE INTERNATIONAL, CA US","2023-04-25","5.59",,"0.00","0.0","0.0","68","84","54","  300","  310","14.1","18.1",,,,,,
"USW00093193","FRESNO YOSEMITE INTERNATIONAL, CA US","2023-04-26","4.70",,"0.00","0.0","0.0","74","91","60","  320","  300","13.0","16.1",,,,,,
"USW00093193","FRESNO YOSEMITE INTERNATIONAL, CA US","2023-04-27","5.14",,"0.00","0.0","0.0","77","94","62","  310","  310","12.1","15.0",,,,,,
"USW00093193","FRESNO YOSEMITE INTERNATIONAL, CA US","2023-04-28","5.82",,"0.00","0.0","0.0","80","97","64","  310","  310","14.1","17.0",,,,,,"    1"
"USW00093193","FRESNO YOSEMITE INTERNATIONAL, CA US","2023-04-29","6.93",,"0.00","0.0","0.0","80","94","64","  320","  140","16.1","23.9",,,,,,
"USW00093193","FRESNO YOSEMITE INTERNATIONAL, CA US","2023-04-30","13.20",,"0.00","0.0","0.0","77","85","57","  310","  320","23.0","30.0",,,,,,
"USW00093193","FRESNO YOSEMITE INTERNATIONAL, CA US","2023-05-01","11.18",,"0.00","0.0","0.0","62","69","50","  300","  250","16.1","17.0",,,,,,
"USW00093193","FRESNO YOSEMITE INTERNATIONAL, CA US","2023-05-02","10.07",,"0.00","0.0","0.0","58","68","53","  190","  210","17.0","23.0",,,,,,
"USW00093193","FRESNO YOSEMITE INTERNATIONAL, CA US","2023-05-03","8.50",,"0.02","0.0","0.0","59","66","50",,,,,,,,,,
"USW00093193","FRESNO YOSEMITE INTERNATIONAL, CA US","2023-05-04","6.49",,"0.33","0.0","0.0","57","65","50","  280","  270","19.9","21.9",,,,,,
"USW00093193","FRESNO YOSEMITE INTERNATIONAL, CA US","2023-05-05","6.71",,"0.00","0.0","0.0","59","69","52","  300","  300","17.0","19.9",,,,,,
"USW00093193","FRESNO YOSEMITE INTERNATIONAL, CA US","2023-05-06","9.62",,"0.00","0.0","0.0","61","71","53","  310","  340","15.0","19.0",,,,,,
"USW00093193","FRESNO YOSEMITE INTERNATIONAL, CA US","2023-05-07","6.71",,"0.00","0.0","0.0","62","76","50","  310","  320","16.1","19.9",,,,,,
"USW00093193","FRESNO YOSEMITE INTERNATIONAL, CA US","2023-05-08","10.96",,"0.00","0.0","0.0","64","76","52","  300","  290","18.1","23.0",,,,,,
"USW00093193","FRESNO YOSEMITE INTERNATIONAL, CA US","2023-05-09","10.29",,"0.00","0.0","0.0","63","75","52","  310","  310","21.0","23.9",,,,,,
"USW00093193","FRESNO YOSEMITE INTERNATIONAL, CA US","2023-05-10","8.72",,"0.00","0.0","0.0","63","76","52","  300","  310","17.0","21.0",,,,,,
"USW00093193","FRESNO YOSEMITE INTERNATIONAL, CA US","2023-05-11","9.84",,"0.00","0.0","0.0","64","79","51","  300","  310","16.1","19.9",,,,,,
"USW00093193","FRESNO YOSEMITE INTERNATIONAL, CA US","2023-05-12","7.61",,"0.00","0.0","0.0","70","86","57","  290",,"14.1",,,,,,,
"USW00093193","FRESNO YOSEMITE INTERNATIONAL, CA US","2023-05-13","5.37",,"0.00","0.0","0.0","77","93","63","  300",,"8.9",,,,,,,
"USW00093193","FRESNO YOSEMITE INTERNATIONAL, CA US","2023-05-14","8.50",,"0.00","0.0","0.0","82","99","67","  210","  210","18.1","27.1",,,,,,
"USW00093193","FRESNO YOSEMITE INTERNATIONAL, CA US","2023-05-15","7.83",,"0.00","0.0","0.0","83","97","65","  310","  300","17.0","21.0",,,,,,
"USW00093193","FRESNO YOSEMITE INTERNATIONAL, CA US","2023-05-16","8.28",,"0.00","0.0","0.0","80","95","64","  310","  300","17.0","21.0",,,,,,
"USW00093193","FRESNO YOSEMITE INTERNATIONAL, CA US","2023-05-17","7.61",,"0.00","0.0","0.0","82","97","68","  310","  310","21.0","25.1",,,,,,
"USW00093193","FRESNO YOSEMITE INTERNATIONAL, CA US","2023-05-18","9.17",,"0.00","0.0","0.0","82","97","65","  320","  290","18.1","21.9",,,,,,
"USW00093193","FRESNO YOSEMITE INTERNATIONAL, CA US","2023-05-19","8.72",,"0.00","0.0","0.0","80","94","64","  310","  310","17.0","21.0",,,,,,
"USW00093193","FRESNO YOSEMITE INTERNATIONAL, CA US","2023-05-20","8.72",,"0.00","0.0","0.0","78","92","63","  310","  310","17.0","21.9",,,,,,
"USW00093193","FRESNO YOSEMITE INTERNATIONAL, CA US","2023-05-21","7.83",,"0.00","0.0","0.0","78","94","62","  310","  310","14.1","17.0",,,,,,
"USW00093193","FRESNO YOSEMITE INTERNATIONAL, CA US","2023-05-22","6.93",,"0.00","0.0","0.0","82","97","68","  310","  310","15.0","18.1",,,,,,
"USW00093193","FRESNO YOSEMITE INTERNATIONAL, CA US","2023-05-23","8.50",,"0.00","0.0","0.0","80","90","61","  300","  290","18.1","21.9",,,,,,
"USW00093193","FRESNO YOSEMITE INTERNATIONAL, CA US","2023-05-24","7.61",,"0.00","0.0","0.0","69","82","56","  310","  310","15.0","19.0",,,,,,
"USW00093193","FRESNO YOSEMITE INTERNATIONAL, CA US","2023-05-25","6.71",,"0.00","0.0","0.0","68","82","56","  300","  300","17.0","19.9",,,,,,
"USW00093193","FRESNO YOSEMITE INTERNATIONAL, CA US","2023-05-26","8.28",,"0.00","0.0","0.0","68","81","56","  320","  320","15.0","19.0",,,,,,
"USW00093193","FRESNO YOSEMITE INTERNATIONAL, CA US","2023-05-27","8.28",,"0.00","0.0","0.0","72","86","59","  300","  310","14.1","17.0",,,,,,
"USW00093193","FRESNO YOSEMITE INTERNATIONAL, CA US","2023-05-28","9.84",,"0.00","0.0","0.0","74","85","61","  300","  310","17.0","23.0",,,,,,
"USW00093193","FRESNO YOSEMITE INTERNATIONAL, CA US","2023-05-29","8.50",,"0.00","0.0","0.0","71","84","61","  330","  330","19.9","25.1",,,,,,
"USW00093193","FRESNO YOSEMITE INTERNATIONAL, CA US","2023-05-30","9.40",,"0.00","0.0","0.0","69","80","60","  310","  310","15.0","18.1",,,,,,
"USW00093193","FRESNO YOSEMITE INTERNATIONAL, CA US","2023-05-31","8.95",,"0.00","0.0","0.0","69","84","56","  310","  320","17.0","21.9",,,,,,
"USW00093193","FRESNO YOSEMITE INTERNATIONAL, CA US","2023-06-01","8.95",,"0.00","0.0","0.0","71","85","57","  310","  300","16.1","19.0",,,,,,
"USW00093193","FRESNO YOSEMITE INTERNATIONAL, CA US","2023-06-02","6.71",,"0.00","0.0","0.0","71","87","58","  310","  280","14.1","19.0",,,,,,
"USW00093193","FRESNO YOSEMITE INTERNATIONAL, CA US","2023-06-03","6.04",,"0.00","0.0","0.0","77","92","63","  290","  270","15.0","18.1",,,,,,
"USW00093193","FRESNO YOSEMITE INTERNATIONAL, CA US","2023-06-04","7.61",,"0.00","0.0","0.0","82","97","67","  310","  300","16.1","19.9",,,,,,
"USW00093193","FRESNO YOSEMITE INTERNATIONAL, CA US","2023-06-05","6.93",,"0.00","0.0","0.0","81","89","68","  150","  150","21.9","25.9",,,,,,
"USW00093193","FRESNO YOSEMITE INTERNATIONAL, CA US","2023-06-06","7.61",,"0.00","0.0","0.0","71","80","62","  310","  310","19.9","23.0",,,"    1",,,
"USW00093193","FRESNO YOSEMITE INTERNATIONAL, CA US","2023-06-07","5.59",,"0.00","0.0","0.0","70","75","63","  310","  300","17.0","21.0",,,,,,"    1"
"USW00093193","FRESNO YOSEMITE INTERNATIONAL, CA US","2023-06-08","7.61",,"0.00","0.0","0.0","72","84","63","  280","   10","15.0","19.9",,,,,,
"USW00093193","FRESNO YOSEMITE INTERNATIONAL, CA US","2023-06-09","9.62",,"0.00","0.0","0.0","74","87","61","  300","  290","18.1","23.0",,,,,,
"USW00093193","FRESNO YOSEMITE INTERNATIONAL, CA US","2023-06-10","10.07",,"0.00","0.0","0.0","73","84","62","  300","  310","15.0","19.9",,,,,,
"USW00093193","FRESNO YOSEMITE INTERNATIONAL, CA US","2023-06-11","6.71",,"0.00","0.0","0.0","72","86","63","  270","  270","16.1","21.0",,,,,,
"USW00093193","FRESNO YOSEMITE INTERNATIONAL, CA US","2023-06-12","6.71",,"0.00","0.0","0.0","72","84","61","  300","  300","15.0","17.0",,,,,,"    1"
"USW00093193","FRESNO YOSEMITE INTERNATIONAL, CA US","2023-06-13","9.17",,"0.00","0.0","0.0","75","88","62","  310","  320","17.0","21.9",,,,,,
"USW00093193","FRESNO YOSEMITE INTERNATIONAL, CA US","2023-06-14","8.50",,"0.00","0.0","0.0","78","92","66","  300","  290","15.0","23.0",,,,,,
"USW00093193","FRESNO YOSEMITE INTERNATIONAL, CA US","2023-06-15","9.62",,"0.00","0.0","0.0","80","92","67","  310","  280","17.0","21.9",,,,,,
"USW00093193","FRESNO YOSEMITE INTERNATIONAL, CA US","2023-06-16","8.05",,"0.00","0.0","0.0","80","93","67","  320","  320","14.1","18.1",,,,,,
"USW00093193","FRESNO YOSEMITE INTERNATIONAL, CA US","2023-06-17","6.71",,"0.00","0.0","0.0","82","98","69","  300","  310","16.1","19.0",,,,,,
"USW00093193","FRESNO YOSEMITE INTERNATIONAL, CA US","2023-06-18","10.29",,"0.00","0.0","0.0","82","92","68","  300","  310","23.0","27.1",,,,,,
"USW00093193","FRESNO YOSEMITE INTERNATIONAL, CA US","2023-06-19","12.53",,"0.00","0.0","0.0","71","79","57","  310","  300","19.9","25.9",,,,,,
"USW00093193","FRESNO YOSEMITE INTERNATIONAL, CA US","2023-06-20","11.18",,"0.00","0.0","0.0","68","81","55","  300","  290","21.0","23.9",,,,,,
"USW00093193","FRESNO YOSEMITE INTERNATIONAL, CA US","2023-06-21","6.71",,"0.00","0.0","0.0","71","86","56","  320","  320","15.0","18.1",,,,,,
"USW00093193","FRESNO YOSEMITE INTERNATIONAL, CA US","2023-06-22","8.72",,"0.00","0.0","0.0","72","84","58","  310","  330","21.0","23.9",,,,,,
"USW00093193","FRESNO YOSEMITE INTERNATIONAL, CA US","2023-06-23","6.93",,"0.00","0.0","0.0","68","81","57","  290","  310","13.0","18.1",,,,,,
"USW00093193","FRESNO YOSEMITE INTERNATIONAL, CA US","2023-06-24","6.71",,"0.00","0.0","0.0","71","86","60","  310","  310","16.1","19.9",,,,,,
"USW00093193","FRESNO YOSEMITE INTERNATIONAL, CA US","2023-06-25","10.07",,"0.00","0.0","0.0","73","87","60","  310","  290","18.1","23.9",,,,,,
"USW00093193","FRESNO YOSEMITE INTERNATIONAL, CA US","2023-06-26","8.50",,"0.00","0.0","0.0","73","87","59","  310","  310","17.0","19.0",,,,,,
"USW00093193","FRESNO YOSEMITE INTERNATIONAL, CA US","2023-06-27","6.71",,"0.00","0.0","0.0","74","87","61","  310","  290","13.0","16.1",,,,,,
"USW00093193","FRESNO YOSEMITE INTERNATIONAL, CA US","2023-06-28","8.95",,"0.00","0.0","0.0","77","91","63","  300","  290","17.0","21.0",,,,,,
"USW00093193","FRESNO YOSEMITE INTERNATIONAL, CA US","2023-06-29","5.37",,"0.00","0.0","0.0","81","96","67","  300","  300","13.0","16.1",,,,,,
"USW00093193","FRESNO YOSEMITE INTERNATIONAL, CA US","2023-06-30","6.93",,"0.00","0.0","0.0","88","104","74","  310","  320","15.0","18.1",,,,,,
"USW00093193","FRESNO YOSEMITE INTERNATIONAL, CA US","2023-07-01","8.28",,"0.00","0.0","0.0","92","108","77","  310","  310","17.0","21.0",,,,,,
"USW00093193","FRESNO YOSEMITE INTERNATIONAL, CA US","2023-07-02","8.28",,"0.00","0.0","0.0","94","108","77","  310","  310","18.1","23.9",,,,,,
"USW00093193","FRESNO YOSEMITE INTERNATIONAL, CA US","2023-07-03","8.50",,"0.00","0.0","0.0","91","104","76","  310","  300","18.1","23.0",,,,,,
"USW00093193","FRESNO YOSEMITE INTERNATIONAL, CA US","2023-07-04","6.49",,"0.00","0.0","0.0","86","100","70","  300","  290","15.0","19.0",,,,,,
"USW00093193","FRESNO YOSEMITE INTERNATIONAL, CA US","2023-07-05","8.50",,"0.00","0.0","0.0","84","99","67","  310","  310","15.0","19.0",,,,,,
"USW00093193","FRESNO YOSEMITE INTERNATIONAL, CA US","2023-07-06","8.95",,"0.00","0.0","0.0","80","95","64","  310","  300","15.0","19.0",,,,,,
"USW00093193","FRESNO YOSEMITE INTERNATIONAL, CA US","2023-07-07","9.62",,"0.00","0.0","0.0","78","93","61","  300","  300","15.0","19.0",,,,,,
"USW00093193","FRESNO YOSEMITE INTERNATIONAL, CA US","2023-07-08","10.07",,"0.00","0.0","0.0","77","90","63","  320","  320","16.1","19.9",,,,,,
"USW00093193","FRESNO YOSEMITE INTERNATIONAL, CA US","2023-07-09","8.72",,"0.00","0.0","0.0","75","89","60","  310","  300","16.1","19.9",,,,,,
"USW00093193","FRESNO YOSEMITE INTERNATIONAL, CA US","2023-07-10","6.71",,"0.00","0.0","0.0","74","91","59","  310","  320","15.0","18.1",,,,,,
"USW00093193","FRESNO YOSEMITE INTERNATIONAL, CA US","2023-07-11","4.47",,"0.00","0.0","0.0","82","99","68","  290","  300","13.0","19.0",,,,,,
"USW00093193","FRESNO YOSEMITE INTERNATIONAL, CA US","2023-07-12","6.26",,"0.00","0.0","0.0","86","102","70","  320","  290","14.1","17.0",,,,,,
"USW00093193","FRESNO YOSEMITE INTERNATIONAL, CA US","2023-07-13","7.61",,"0.00","0.0","0.0","86","101","68","  310","  320","16.1","19.0",,,,,,
"USW00093193","FRESNO YOSEMITE INTERNATIONAL, CA US","2023-07-14","6.26",,"0.00","0.0","0.0","86","101","71","  310","  300","15.0","18.1",,,,,,
"USW00093193","FRESNO YOSEMITE INTERNATIONAL, CA US","2023-07-15","6.04",,"0.00","0.0","0.0","90","106","76","  300","  300","13.0","16.1",,,,,,
"USW00093193","FRESNO YOSEMITE INTERNATIONAL, CA US","2023-07-16","5.37",,"0.00","0.0","0.0","93","108","79","  300","  170","13.0","14.1",,,,,,
"USW00093193","FRESNO YOSEMITE INTERNATIONAL, CA US","2023-07-17","6.71",,"0.00","0.0","0.0","94","109","81","  320","  320","14.1","18.1",,,,,,
"USW00093193","FRESNO YOSEMITE INTERNATIONAL, CA US","2023-07-18","6.04",,"0.00","0.0","0.0","93","105","78","  270","  250","15.0","19.0",,,,,,
"USW00093193","FRESNO YOSEMITE INTERNATIONAL, CA US","2023-07-19","6.93",,"0.00","0.0","0.0","89","104","75","  310","  340","16.1","21.0",,,,,,
"USW00093193","FRESNO YOSEMITE INTERNATIONAL, CA US","2023-07-20","6.93",,"0.00","0.0","0.0","88","104","72","  310","  310","14.1","19.0",,,,,,
"USW00093193","FRESNO YOSEMITE INTERNATIONAL, CA US","2023-07-21","5.82",,"0.00","0.0","0.0","89","104","74","  310","  290","12.1","15.0",,,,,,
"USW00093193","FRESNO YOSEMITE INTERNATIONAL, CA US","2023-07-22","5.82",,"0.00","0.0","0.0","93","108","78","  300","  270","12.1","18.1",,,,,,"    1"
"USW00093193","FRESNO YOSEMITE INTERNATIONAL, CA US","2023-07-23","7.16",,"0.00","0.0","0.0","94","107","81","  300","  310","16.1","19.9",,,,,,
"USW00093193","FRESNO YOSEMITE INTERNATIONAL, CA US","2023-07-24","9.62",,"0.00","0.0","0.0","89","102","74","  310","  350","16.1","21.0",,,,,,
"USW00093193","FRESNO YOSEMITE INTERNATIONAL, CA US","2023-07-25","5.82",,"0.00","0.0","0.0","86","101","70","  310","  300","14.1","18.1",,,,,,
"USW00093193","FRESNO YOSEMITE INTERNATIONAL, CA US","2023-07-26","6.49",,"0.00","0.0","0.0","88","105","73","  310","  310","14.1","18.1",,,,,,
"USW00093193","FRESNO YOSEMITE INTERNATIONAL, CA US","2023-07-27","8.05",,"0.00","0.0","0.0","88","103","71","  320","  360","16.1","23.0",,,,,,
"USW00093193","FRESNO YOSEMITE INTERNATIONAL, CA US","2023-07-28","8.50",,"0.00","0.0","0.0","85","100","70","  310","  310","15.0","19.0",,,,,,
"USW00093193","FRESNO YOSEMITE INTERNATIONAL, CA US","2023-07-29","8.50",,"0.00","0.0","0.0","86","102","71","  300","  290","16.1","19.9",,,,,,
"USW00093193","FRESNO YOSEMITE INTERNATIONAL, CA US","2023-07-30","7.16",,"0.00","0.0","0.0","86","103","69","  300","  310","13.0","15.0",,,,,,
"USW00093193","FRESNO YOSEMITE INTERNATIONAL, CA US","2023-07-31","6.71",,"0.00","0.0","0.0","88","104","71","  320","  330","15.0","17.0",,,,,,
"USW00093193","FRESNO YOSEMITE INTERNATIONAL, CA US","2023-08-01","6.93",,"0.00","0.0","0.0","87","100","72","  300","  360","16.1","23.9",,,,,,
"USW00093193","FRESNO YOSEMITE INTERNATIONAL, CA US","2023-08-02","7.61",,"0.00","0.0","0.0","80","93","65","  300","  310","18.1","21.9",,,,,,
"USW00093193","FRESNO YOSEMITE INTERNATIONAL, CA US","2023-08-03","8.05",,"0.00","0.0","0.0","77","91","63","  300","  250","15.0","19.0",,,,,,
"USW00093193","FRESNO YOSEMITE INTERNATIONAL, CA US","2023-08-04","7.16",,"0.00","0.0","0.0","77","93","63","  290","  290","13.0","18.1",,,,,,"    1"
"USW00093193","FRESNO YOSEMITE INTERNATIONAL, CA US","2023-08-05","7.38",,"0.00","0.0","0.0","84","97","69","  280","  290","17.0","23.0",,,,,,
"USW00093193","FRESNO YOSEMITE INTERNATIONAL, CA US","2023-08-06","5.82",,"0.00","0.0","0.0","86","100","72","  280","  300","15.0","19.0",,,,,,
"USW00093193","FRESNO YOSEMITE INTERNATIONAL, CA US","2023-08-07","5.59",,"0.00","0.0","0.0","89","104","75","  320","  330","13.0","16.1",,,,,,
"USW00093193","FRESNO YOSEMITE INTERNATIONAL, CA US","2023-08-08","5.82",,"0.00","0.0","0.0","87","100","71","  320","  310","16.1","19.9",,,,,,
"USW00093193","FRESNO YOSEMITE INTERNATIONAL, CA US","2023-08-09","6.04",,"0.00","0.0","0.0","83","96","67","  310","  320","14.1","17.0",,,,,,"    1"
"USW00093193","FRESNO YOSEMITE INTERNATIONAL, CA US","2023-08-10","7.16",,"0.00","0.0","0.0","81","94","66","  170","  160","19.9","23.0",,,,,,
"USW00093193","FRESNO YOSEMITE INTERNATIONAL, CA US","2023-08-11","6.04",,"0.00","0.0","0.0","80","93","72","  340","  290","13.0","15.0",,,,,,
"USW00093193","FRESNO YOSEMITE INTERNATIONAL, CA US","2023-08-12","6.71",,"0.00","0.0","0.0","83","98","69","  310","  310","17.0","19.9",,,"    1",,,
"USW00093193","FRESNO YOSEMITE INTERNATIONAL, CA US","2023-08-13","5.82",,"0.00","0.0","0.0","87","97","75","  310","  310","16.1","19.0",,,,,,
"USW00093193","FRESNO YOSEMITE INTERNATIONAL, CA US","2023-08-14","6.71",,"0.00","0.0","0.0","90","106","78","  300","  300","15.0","19.0",,,,,,
"USW00093193","FRESNO YOSEMITE INTERNATIONAL, CA US","2023-08-15","5.82",,"0.00","0.0","0.0","91","108","76","  140","  240","15.0","19.0",,,,,,
"USW00093193","FRESNO YOSEMITE INTERNATIONAL, CA US","2023-08-16","5.82",,"0.00","0.0","0.0","92","106","78","  160","  160","16.1","19.9",,,,,,
"USW00093193","FRESNO YOSEMITE INTERNATIONAL, CA US","2023-08-17","6.04",,"0.00","0.0","0.0","92","106","77","  300","  290","16.1","19.0",,,,,,"    1"
"USW00093193","FRESNO YOSEMITE INTERNATIONAL, CA US","2023-08-18","6.71",,"0.00","0.0","0.0","88","101","76","  310","  300","15.0","19.9",,,,,,
"USW00093193","FRESNO YOSEMITE INTERNATIONAL, CA US","2023-08-19","6.71",,"0.03","0.0","0.0","84","98","71","  160","  160","38.0","49.0",,,"    1",,,"    1"
"USW00093193","FRESNO YOSEMITE INTERNATIONAL, CA US","2023-08-20","6.71",,"0.12","0.0","0.0","78","78","70","  150","  250","17.0","28.0","    1",,,,,
"USW00093193","FRESNO YOSEMITE INTERNATIONAL, CA US","2023-08-21","9.17",,"0.03","0.0","0.0","75","89","68","  310","  340","19.9","23.0","    1",,"    1",,,
"USW00093193","FRESNO YOSEMITE INTERNATIONAL, CA US","2023-08-22","5.59",,"0.01","0.0","0.0","77","92","67","  320","  310","13.0","15.0",,,,,,
"USW00093193","FRESNO YOSEMITE INTERNATIONAL, CA US","2023-08-23","4.92",,"0.00","0.0","0.0","82","98","69","  270","  280","13.0","16.1",,,,,,
"USW00093193","FRESNO YOSEMITE INTERNATIONAL, CA US","2023-08-24","6.71",,"0.00","0.0","0.0","86","100","72","  310","  320","17.0","21.9",,,,,,"    1"
"USW00093193","FRESNO YOSEMITE INTERNATIONAL, CA US","2023-08-25","7.61",,"0.00","0.0","0.0","82","95","68","  310","  310","15.0","19.0",,,,,,
"USW00093193","FRESNO YOSEMITE INTERNATIONAL, CA US","2023-08-26","6.93",,"0.00","0.0","0.0","82","96","67","  310","  300","16.1","19.0",,,,,,
"USW00093193","FRESNO YOSEMITE INTERNATIONAL, CA US","2023-08-27","7.61",,"0.00","0.0","0.0","82","97","66","  310","  310","16.1","21.9",,,,,,
"USW00093193","FRESNO YOSEMITE INTERNATIONAL, CA US","2023-08-28","6.04",,"0.00","0.0","0.0","83","99","68","  310","  320","15.0","18.1",,,,,,
"USW00093193","FRESNO YOSEMITE INTERNATIONAL, CA US","2023-08-29","7.61",,"0.00","0.0","0.0","85","99","69","  290","  300","17.0","21.9",,,,,,
"USW00093193","FRESNO YOSEMITE INTERNATIONAL, CA US","2023-08-30","4.03",,"0.00","0.0","0.0","81","98","67","  170","  170","10.1","12.1",,,,,,
"USW00093193","FRESNO YOSEMITE INTERNATIONAL, CA US","2023-08-31","6.71",,"0.00","0.0","0.0","85","100","70","  180","  180","15.0","19.9",,,,,,"    1"
"USW00093193","FRESNO YOSEMITE INTERNATIONAL, CA US","2023-09-01","6.71",,"0.00","0.0","0.0","81","93","66","  310","  340","23.0","27.1",,,,,,"    1"
"USW00093193","FRESNO YOSEMITE INTERNATIONAL, CA US","2023-09-02","7.61",,"0.00","0.0","0.0","75","83","66","  330","  340","14.1","17.0",,,,,,
"USW00093193","FRESNO YOSEMITE INTERNATIONAL, CA US","2023-09-03","11.18",,"0.00","0.0","0.0","74","79","66","  310","  310","18.1","21.9",,,,,,
"USW00093193","FRESNO YOSEMITE INTERNATIONAL, CA US","2023-09-04","6.04",,"0.00","0.0","0.0","71","85","60","  310","  310","15.0","18.1",,,,,,
"USW00093193","FRESNO YOSEMITE INTERNATIONAL, CA US","2023-09-05","4.70",,"0.00","0.0","0.0","77","92","65","  310","  320","10.1","13.0",,,,,,
"USW00093193","FRESNO YOSEMITE INTERNATIONAL, CA US","2023-09-06","6.49",,"0.00","0.0","0.0","80","93","68","  320","  320","14.1","17.0",,,,,,
"USW00093193","FRESNO YOSEMITE INTERNATIONAL, CA US","2023-09-07","4.92",,"0.00","0.0","0.0","79","94","64","  310","  160","10.1","13.0",,,,,,
"USW00093193","FRESNO YOSEMITE INTERNATIONAL, CA US","2023-09-08","4.03",,"0.00","0.0","0.0","82","98","67","  160","  150","13.0","15.0",,,,,,
"USW00093193","FRESNO YOSEMITE INTERNATIONAL, CA US","2023-09-09","7.38",,"0.00","0.0","0.0","85","97","72","  260","  350","16.1","25.1",,,"    1",,,
"USW00093193","FRESNO YOSEMITE INTERNATIONAL, CA US","2023-09-10","6.71",,"0.00","0.0","0.0","83","96","73","  310","  310","13.0","15.0",,,"    1",,,
"USW00093193","FRESNO YOSEMITE INTERNATIONAL, CA US","2023-09-11","6.04",,"0.00","0.0","0.0","82","95","70","  300","  300","12.1","14.1",,,,,,"    1"
"USW00093193","FRESNO YOSEMITE INTERNATIONAL, CA US","2023-09-12","5.82",,"0.00","0.0","0.0","80","95","65","  310","  260","12.1","18.1",,,,,,
"USW00093193","FRESNO YOSEMITE INTERNATIONAL, CA US","2023-09-13","5.82",,"0.00","0.0","0.0","79","92","65","  290","  250","13.0","17.0",,,,,,
"USW00093193","FRESNO YOSEMITE INTERNATIONAL, CA US","2023-09-14","4.25",,"0.00","0.0","0.0","79","93","65","  290","  290","10.1","10.1",,,,,,
"USW00093193","FRESNO YOSEMITE INTERNATIONAL, CA US","2023-09-15","5.37",,"0.00","0.0","0.0","81","96","66","  310","  310","15.0","19.0",,,,,,
"USW00093193","FRESNO YOSEMITE INTERNATIONAL, CA US","2023-09-16","8.28",,"0.00","0.0","0.0","80","93","68","  300","  300","16.1","21.9",,,,,,
"USW00093193","FRESNO YOSEMITE INTERNATIONAL, CA US","2023-09-17","8.72",,"0.00","0.0","0.0","75","86","63","  310","  310","15.0","19.0",,,,,,
"USW00093193","FRESNO YOSEMITE INTERNATIONAL, CA US","2023-09-18","8.28",,"0.00","0.0","0.0","73","85","62","  310","  310","15.0","19.9",,,,,,"    1"
"USW00093193","FRESNO YOSEMITE INTERNATIONAL, CA US","2023-09-19","6.93",,"0.00","0.0","0.0","74","86","63","  310","  320","13.0","19.0",,,,,,
"USW00093193","FRESNO YOSEMITE INTERNATIONAL, CA US","2023-09-20","5.37",,"0.00","0.0","0.0","76","89","65","  320","  310","14.1","17.0",,,,,,
"USW00093193","FRESNO YOSEMITE INTERNATIONAL, CA US","2023-09-21","6.26",,"0.00","0.0","0.0","72","80","60","  310","  320","14.1","18.1",,,,,,"    1"
"USW00093193","FRESNO YOSEMITE INTERNATIONAL, CA US","2023-09-22","3.80",,"0.00","0.0","0.0","71","84","60","  170","  170","12.1","17.0",,,,,,"    1"
"USW00093193","FRESNO YOSEMITE INTERNATIONAL, CA US","2023-09-23","4.70",,"0.00","0.0","0.0","73","87","60","  300","  300","12.1","16.1",,,,,,"    1"
"USW00093193","FRESNO YOSEMITE INTERNATIONAL, CA US","2023-09-24","3.58",,"0.00","0.0","0.0","73","88","59","  160","  170","10.1","13.0",,,,,,"    1"
"USW00093193","FRESNO YOSEMITE INTERNATIONAL, CA US","2023-09-25","7.61",,"0.00","0.0","0.0","72","86","58","  300","  300","16.1","21.0",,,,,,
"USW00093193","FRESNO YOSEMITE INTERNATIONAL, CA US","2023-09-26","7.38",,"0.00","0.0","0.0","71","85","58","  320","  320","16.1","21.9",,,,,,"    1"
"USW00093193","FRESNO YOSEMITE INTERNATIONAL, CA US","2023-09-27","8.05",,"0.00","0.0","0.0","72","85","61","  300","   20","14.1","21.9",,,,,,
"USW00093193","FRESNO YOSEMITE INTERNATIONAL, CA US","2023-09-28","6.71",,"0.00","0.0","0.0","72","85","60","  310","  320","13.0","17.0",,,,,,
"USW00093193","FRESNO YOSEMITE INTERNATIONAL, CA US","2023-09-29","7.16",,"0.00","0.0","0.0","73","86","61","  300","  300","21.9","28.0",,,,,,
"USW00093193","FRESNO YOSEMITE INTERNATIONAL, CA US","2023-09-30","7.83",,"0.00","0.0","0.0","68","74","58","  320","  320","16.1","21.9",,,,,,
"USW00093193","FRESNO YOSEMITE INTERNATIONAL, CA US","2023-10-01","4.47",,"0.00","0.0","0.0","63","74","55","  260","  330","10.1","15.0",,,,,,
"USW00093193","FRESNO YOSEMITE INTERNATIONAL, CA US","2023-10-02","3.80",,"0.00","0.0","0.0","69","79","62","  310","  310","13.0","17.0",,,,,,
"USW00093193","FRESNO YOSEMITE INTERNATIONAL, CA US","2023-10-03","3.13",,"0.00","0.0","0.0","70","83","60","  130","  130","12.1","18.1",,,,,,
"USW00093193","FRESNO YOSEMITE INTERNATIONAL, CA US","2023-10-04","3.80",,"0.00","0.0","0.0","73","89","61","  300","  250","10.1","17.0",,,,,,
"USW00093193","FRESNO YOSEMITE INTERNATIONAL, CA US","2023-10-05","2.46",,"0.00","0.0","0.0","77","93","63","  160","  250","8.9","12.1",,,,,,"    1"
"USW00093193","FRESNO YOSEMITE INTERNATIONAL, CA US","2023-10-06","2.91",,"0.00","0.0","0.0","79","94","64","  140","  120","12.1","13.0",,,,,,
"USW00093193","FRESNO YOSEMITE INTERNATIONAL, CA US","2023-10-07","3.13",,"0.00","0.0","0.0","80","97","66","  170","  200","8.9","13.0",,,,,,
"USW00093193","FRESNO YOSEMITE INTERNATIONAL, CA US","2023-10-08","3.58",,"0.00","0.0","0.0","81","98","66","  300","  150","10.1","13.0",,,,,,"    1"
"USW00093193","FRESNO YOSEMITE INTERNATIONAL, CA US","2023-10-09","7.38",,"0.00","0.0","0.0","77","84","62","  300","  290","18.1","23.9",,,,,,
"USW00093193","FRESNO YOSEMITE INTERNATIONAL, CA US","2023-10-10","8.28",,"0.00","0.0","0.0","67","80","57","  310","  310","18.1","27.1","    1",,,,,"    1"
"USW00093193","FRESNO YOSEMITE INTERNATIONAL, CA US","2023-10-11","14.54",,"0.00","0.0","0.0","67","75","58","  310","  330","21.9","32.0",,,,,,
"USW00093193","FRESNO YOSEMITE INTERNATIONAL, CA US","2023-10-12","2.46",,"0.00","0.0","0.0","63","78","51","  160","  120","10.1","14.1",,,,,,
"USW00093193","FRESNO YOSEMITE INTERNATIONAL, CA US","2023-10-13","3.36",,"0.00","0.0","0.0","67","84","55","  160","  160","12.1","15.0",,,,,,
"USW00093193","FRESNO YOSEMITE INTERNATIONAL, CA US","2023-10-14","2.91",,"0.00","0.0","0.0","69","84","57","  230","  210","8.1","15.0",,,,,,
"USW00093193","FRESNO YOSEMITE INTERNATIONAL, CA US","2023-10-15","2.01",,"0.00","0.0","0.0","70","88","55","  280","  300","8.9","13.0",,,,,,"    1"
"USW00093193","FRESNO YOSEMITE INTERNATIONAL, CA US","2023-10-16","4.92",,"0.00","0.0","0.0","72","85","59","  300","  320","13.0","16.1",,,,,,
"USW00093193","FRESNO YOSEMITE INTERNATIONAL, CA US","2023-10-17","2.46",,"0.00","0.0","0.0","70","84","57","  160","  140","10.1","13.0",,,,,,
"USW00093193","FRESNO YOSEMITE INTERNATIONAL, CA US","2023-10-18","1.79",,"0.00","0.0","0.0","72","89","59","  310","  210","6.0","11.0",,,,,,
"USW00093193","FRESNO YOSEMITE INTERNATIONAL, CA US","2023-10-19","2.24",,"0.00","0.0","0.0","74","91","60","  120","  300","6.9","11.0",,,,,,"    1"
"USW00093193","FRESNO YOSEMITE INTERNATIONAL, CA US","2023-10-20","3.58",,"0.00","0.0","0.0","76","93","63","  310","  310","8.1","10.1",,,,,,"    1"
"USW00093193","FRESNO YOSEMITE INTERNATIONAL, CA US","2023-10-21","8.72",,"0.00","0.0","0.0","73","82","60","  310","  290","16.1","19.9",,,,,,
"USW00093193","FRESNO YOSEMITE INTERNATIONAL, CA US","2023-10-22","6.04",,"0.00","0.0","0.0","67","77","57","  310","  320","19.9","25.1",,,,,,
"USW00093193","FRESNO YOSEMITE INTERNATIONAL, CA US","2023-10-23","5.82",,"0.00","0.0","0.0","64","68","59","  310","  310","15.0","18.1",,,,,,
"USW00093193","FRESNO YOSEMITE INTERNATIONAL, CA US","2023-10-24","2.46",,"0.00","0.0","0.0","64","78","56","  310","   90","8.1","12.1",,,,,,"    1"
"USW00093193","FRESNO YOSEMITE INTERNATIONAL, CA US","2023-10-25","7.61",,"0.00","0.0","0.0","67","78","57","  320","  310","19.9","25.9",,,,,,"    1"
"USW00093193","FRESNO YOSEMITE INTERNATIONAL, CA US","2023-10-26","6.93",,"0.00","0.0","0.0","63","69","54","  310","  310","17.0","21.9",,,,,,"    1"
"USW00093193","FRESNO YOSEMITE INTERNATIONAL, CA US","2023-10-27","2.68",,"0.00","0.0","0.0","58","71","47","  320","  290","10.1","14.1",,,,,,"    1"
"USW00093193","FRESNO YOSEMITE INTERNATIONAL, CA US","2023-10-28","4.25",,"0.00","0.0","0.0","56","69","44","  310","  320","14.1","23.0",,,,,,
"USW00093193","FRESNO YOSEMITE INTERNATIONAL, CA US","2023-10-29","2.68",,"0.00","0.0","0.0","56","71","44","  160","  160","12.1","15.0",,,,,,
"USW00093193","FRESNO YOSEMITE INTERNATIONAL, CA US","2023-10-30","1.57",,"0.00","0.0","0.0","58","74","44","  310","  320","8.1","13.0",,,,,,
"USW00093193","FRESNO YOSEMITE INTERNATIONAL, CA US","2023-10-31","1.12",,"0.00","0.0","0.0","60","78","44","  280","  280","6.9","10.1",,,,,,"    1"
"USW00093193","FRESNO YOSEMITE INTERNATIONAL, CA US","2023-11-01","2.46",,"0.00","0.0","0.0","60","77","45","  130","  140","10.1","12.1",,,,,,
"USW00093193","FRESNO YOSEMITE INTERNATIONAL, CA US","2023-11-02","2.01",,"0.00","0.0","0.0","61","79","47","  310","  290","8.1","11.0",,,,,,
"USW00093193","FRESNO YOSEMITE INTERNATIONAL, CA US","2023-11-03","3.80",,"0.00","0.0","0.0","63","78","50","  130","  210","10.1","18.1",,,,,,"    1"
"USW00093193","FRESNO YOSEMITE INTERNATIONAL, CA US","2023-11-04","1.34",,"0.00","0.0","0.0","64","81","51","  160","  190","6.9","11.0",,,,,,
"USW00093193","FRESNO YOSEMITE INTERNATIONAL, CA US","2023-11-05","1.79",,"0.00","0.0","0.0","65","80","51","  280","  280","8.1","11.0",,,,,,"    1"
"USW00093193","FRESNO YOSEMITE INTERNATIONAL, CA US","2023-11-06","8.28",,"0.09","0.0","0.0","66","76","58","  300","  300","23.0","28.0","    1",,,,,"    1"
"USW00093193","FRESNO YOSEMITE INTERNATIONAL, CA US","2023-11-07","11.63",,"0.00","0.0","0.0","62","67","51","  310","  290","19.9","23.9",,,,,,
"USW00093193","FRESNO YOSEMITE INTERNATIONAL, CA US","2023-11-08","3.36",,"0.00","0.0","0.0","56","68","45","  140","  140","12.1","15.0",,,,,,"    1"
"USW00093193","FRESNO YOSEMITE INTERNATIONAL, CA US","2023-11-09","2.68",,"0.00","0.0","0.0","56","69","45","  300","  310","6.9","11.0",,,,,,
"USW00093193","FRESNO YOSEMITE INTERNATIONAL, CA US","2023-11-10","1.57",,"0.00","0.0","0.0","55","68","43","  310","  290","6.9","8.9",,,,,,
"USW00093193","FRESNO YOSEMITE INTERNATIONAL, CA US","2023-11-11","2.46",,"0.00","0.0","0.0","55","70","43","  310","  190","6.9","10.1",,,,,,
"USW00093193","FRESNO YOSEMITE INTERNATIONAL, CA US","2023-11-12","2.46",,"0.00","0.0","0.0","57","77","44","  120","  170","8.1","13.0",,,,,,
"USW00093193","FRESNO YOSEMITE INTERNATIONAL, CA US","2023-11-13","2.91",,"0.00","0.0","0.0","61","76","49","  130","  290","10.1","14.1",,,,,,"    1"
"USW00093193","FRESNO YOSEMITE INTERNATIONAL, CA US","2023-11-14","2.91",,"0.00","0.0","0.0","60","75","46","  130","  180","8.9","14.1",,,,,,
"USW00093193","FRESNO YOSEMITE INTERNATIONAL, CA US","2023-11-15","3.58",,"0.02","0.0","0.0","58","72","45","   80","   80","13.0","17.0",,,,,,
"USW00093193","FRESNO YOSEMITE INTERNATIONAL, CA US","2023-11-16","2.01",,"0.00","0.0","0.0","62","76","54","  320","  300","10.1","13.0",,,,,,
"USW00093193","FRESNO YOSEMITE INTERNATIONAL, CA US","2023-11-17","6.26",,"0.00","0.0","0.0","62","75","50","  140","  140","16.1","21.0","    1",,,,,
"USW00093193","FRESNO YOSEMITE INTERNATIONAL, CA US","2023-11-18","5.59",,"0.10","0.0","0.0","63","65","58","  150","  140","15.0","18.1",,,,,,
"USW00093193","FRESNO YOSEMITE INTERNATIONAL, CA US","2023-11-19","11.41",,"0.00","0.0","0.0","57","64","47","  320","  320","23.0","33.1",,,,,,
"USW00093193","FRESNO YOSEMITE INTERNATIONAL, CA US","2023-11-20","1.79",,"0.00","0.0","0.0","51","65","40","  150","  140","8.1","11.0",,,,,,"    1"
"USW00093193","FRESNO YOSEMITE INTERNATIONAL, CA US","2023-11-21","1.79",,"0.00","0.0","0.0","53","72","41","  260","  350","8.1","11.0",,,,,,"    1"
"USW00093193","FRESNO YOSEMITE INTERNATIONAL, CA US","2023-11-22","1.12",,"0.00","0.0","0.0","54","68","41","   60","  260","6.9","8.9",,,,,,"    1"
"USW00093193","FRESNO YOSEMITE INTERNATIONAL, CA US","2023-11-23","3.36",,"0.00","0.0","0.0","57","68","45","  310","  280","10.1","17.0",,,,,,"    1"
"USW00093193","FRESNO YOSEMITE INTERNATIONAL, CA US","2023-11-24","2.91",,"0.00","0.0","0.0","52","60","42","  320","  320","12.1","14.1",,,,,,
"USW00093193","FRESNO YOSEMITE INTERNATIONAL, CA US","2023-11-25","0.89",,"0.00","0.0","0.0","49","63","38","  330","  140","6.0","10.1",,,,,,
"USW00093193","FRESNO YOSEMITE INTERNATIONAL, CA US","2023-11-26","1.57",,"0.00","0.0","0.0","49","61","37","   30","  230","8.1","11.0",,,,,,"    1"
"USW00093193","FRESNO YOSEMITE INTERNATIONAL, CA US","2023-11-27","1.12",,"0.00","0.0","0.0","48","65","36","  310","  220","6.0","10.1",,,,,,"    1"
"USW00093193","FRESNO YOSEMITE INTERNATIONAL, CA US","2023-11-28","1.34",,"0.00","0.0","0.0","51","68","38","   60","  230","6.9","8.9",,,,,,
"USW00093193","FRESNO YOSEMITE INTERNATIONAL, CA US","2023-11-29","3.80",,"0.00","0.0","0.0","51","64","38","  130","  350","8.9","13.0",,,,,,
"USW00093193","FRESNO YOSEMITE INTERNATIONAL, CA US","2023-11-30","4.47",,"0.00","0.0","0.0","51","64","40","  320","  290","13.0","15.0",,,,,,
"USW00093193","FRESNO YOSEMITE INTERNATIONAL, CA US","2023-12-01","6.49",,"0.00","0.0","0.0","53","61","42","  280","  290","13.0","17.0","    1",,,,,"    1"
"USW00093193","FRESNO YOSEMITE INTERNATIONAL, CA US","2023-12-02","2.46",,"0.00","0.0","0.0","49","61","37","  140","  130","10.1","13.0","    1",,,,,"    1"
"USW00093193","FRESNO YOSEMITE INTERNATIONAL, CA US","2023-12-03","1.79",,"0.00","0.0","0.0","50","58","40","  140","  140","8.1","11.0",,,,,,"    1"
"USW00093193","FRESNO YOSEMITE INTERNATIONAL, CA US","2023-12-04","1.57",,"0.00","0.0","0.0","53","65","46","  300","  280","8.1","12.1",,,,,,
"USW00093193","FRESNO YOSEMITE INTERNATIONAL, CA US","2023-12-05","0.89",,"0.00","0.0","0.0","52","68","41","   90","  210","6.0","8.9",,,,,,
"USW00093193","FRESNO YOSEMITE INTERNATIONAL, CA US","2023-12-06","6.93",,"0.00","0.0","0.0","56","77","43","  310","  320","21.9","27.1",,,,,,"    1"
"USW00093193","FRESNO YOSEMITE INTERNATIONAL, CA US","2023-12-07","10.07",,"0.00","0.0","0.0","57","65","47","  300","  320","21.0","25.9",,,,,,
"USW00093193","FRESNO YOSEMITE INTERNATIONAL, CA US","2023-12-08","4.92",,"0.00","0.0","0.0","50","51","40","  320","  320","16.1","19.9","    1",,,,,"    1"
"USW00093193","FRESNO YOSEMITE INTERNATIONAL, CA US","2023-12-09","0.45",,"0.00","0.0","0.0","44","59","35","  240","  220","6.0","11.0","    1",,,,,"    1"
"USW00093193","FRESNO YOSEMITE INTERNATIONAL, CA US","2023-12-10","1.34",,"0.00","0.0","0.0","47","61","36","  290","  310","6.9","8.9","    1",,,,,"    1"
"USW00093193","FRESNO YOSEMITE INTERNATIONAL, CA US","2023-12-11","1.34",,"0.00","0.0","0.0","48","61","38","  310","  310","8.1","8.9",,,,,,"    1"
"USW00093193","FRESNO YOSEMITE INTERNATIONAL, CA US","2023-12-12","1.57",,"0.00","0.0","0.0","48","62","37","  130","  140","6.9","10.1",,,,,,"    1"
"USW00093193","FRESNO YOSEMITE INTERNATIONAL, CA US","2023-12-13","1.34",,"0.00","0.0","0.0","48","63","37","  320","  100","6.0","11.0",,,,,,"    1"
"USW00093193","FRESNO YOSEMITE INTERNATIONAL, CA US","2023-12-14","0.89",,"0.00","0.0","0.0","49","65","37","  320","  320","6.0","8.1",,,,,,"    1"
"USW00093193","FRESNO YOSEMITE INTERNATIONAL, CA US","2023-12-15","0.89",,"0.00","0.0","0.0","50","68","37","  310","  290","6.9","8.1",,,,,,"    1"
"USW00093193","FRESNO YOSEMITE INTERNATIONAL, CA US","2023-12-16","2.46",,"0.00","0.0","0.0","51","69","37","   50","  210","8.1","11.0",,,,,,"    1"
"USW00093193","FRESNO YOSEMITE INTERNATIONAL, CA US","2023-12-17","2.01",,"0.00","0.0","0.0","52","67","42","  300","  310","8.9","12.1",,,,,,"    1"
"USW00093193","FRESNO YOSEMITE INTERNATIONAL, CA US","2023-12-18","5.59",,"0.00","0.0","0.0","56","67","50","   80","   80","15.0","18.1","    1",,,,,"    1"
"USW00093193","FRESNO YOSEMITE INTERNATIONAL, CA US","2023-12-19","8.50",,"0.05","0.0","0.0","61","67","55","  130","  130","19.9","23.9","    1",,,,,
"USW00093193","FRESNO YOSEMITE INTERNATIONAL, CA US","2023-12-20","4.92",,"0.39","0.0","0.0","59","68","54","  340","  340","13.0","16.1","    1",,,,,
"USW00093193","FRESNO YOSEMITE INTERNATIONAL, CA US","2023-12-21","5.14",,"0.08","0.0","0.0","54","58","51","  240","   40","13.0","17.0","    1",,,,,
"USW00093193","FRESNO YOSEMITE INTERNATIONAL, CA US","2023-12-22","2.91",,"0.00","0.0","0.0","54","56","47","  110","  110","8.9","12.1","    1",,,,,"    1"
"USW00093193","FRESNO YOSEMITE INTERNATIONAL, CA US","2023-12-23","2.01",,"0.00","0.0","0.0","51","59","47","  300","  220","6.0","11.0","    1",,,,,"    1"
"USW00093193","FRESNO YOSEMITE INTERNATIONAL, CA US","2023-12-24","2.01",,"0.00","0.0","0.0","50","60","43","  290","  280","8.1","12.1","    1",,,,,"    1"
"USW00093193","FRESNO YOSEMITE INTERNATIONAL, CA US","2023-12-25","2.01",,"0.00","0.0","0.0","53","61","47","  270","  270","8.9","12.1","    1",,,,,"    1"
"USW00093193","FRESNO YOSEMITE INTERNATIONAL, CA US","2023-12-26","2.01",,"0.00","0.0","0.0","52","63","45","   90","  230","6.9","8.9","    1",,,,,"    1"
"USW00093193","FRESNO YOSEMITE INTERNATIONAL, CA US","2023-12-27","5.14",,"0.00","0.0","0.0","54","64","46","  100","   90","16.1","21.0","    1",,,,,"    1"
"USW00093193","FRESNO YOSEMITE INTERNATIONAL, CA US","2023-12-28","2.68",,"0.00","0.0","0.0","56","67","47","   80","   90","8.9","12.1","    1",,,,,"    1"
"USW00093193","FRESNO YOSEMITE INTERNATIONAL, CA US","2023-12-29","4.70",,"0.00","0.0","0.0","57","69","48","  180","  170","12.1","15.0",,,,,,
"USW00093193","FRESNO YOSEMITE INTERNATIONAL, CA US","2023-12-30","3.36",,"0.16","0.0","0.0","55","56","46","  300","  270","15.0","19.9","    1",,,,,
"USW00093193","FRESNO YOSEMITE INTERNATIONAL, CA US","2023-12-31","3.36",,"0.00","0.0","0.0","51","58","45","  260","  260","10.1","15.0","    1",,,,,
"USW00093193","FRESNO YOSEMITE INTERNATIONAL, CA US","2024-01-01","2.91",,"0.00","0.0","0.0","49","50","45","  260","  250","8.9","13.0","    1","    1",,,,"    1"
